modelo,estrategia_balanceo,variante_target,split,accuracy,balanced_accuracy,f1_macro,f1_weighted,kappa_lineal,kappa_cuadratico,mae_ordinal,auroc_macro
CatBoost,pesos_clase,ordinal_4clases,test,0.48854961832061067,0.5198931553201662,0.48567303348100277,0.4856218965651254,0.43232959445997954,0.5399038201761495,0.6335877862595419,0.7821740676621005
XGBoost,pesos_clase,ordinal_4clases,test,0.517557251908397,0.4844836146971202,0.48959003928706946,0.515817839213573,0.41538040438420076,0.5250235003922622,0.5725190839694656,0.771350657731254
OLO,pesos_clase,ordinal_4clases,test,0.43206106870229005,0.48928013167089635,0.4266198777068342,0.4182313471460501,0.3945916636596769,0.5188535798172329,0.7312977099236642,0.7529454196840417
LightGBM,pesos_clase,ordinal_4clases,test,0.4870229007633588,0.5224502556180808,0.4840661891589956,0.4845543354436954,0.41907472722397543,0.5131153633896091,0.6564885496183206,0.7800089450226366
TabNet,pesos_clase,ordinal_4clases,test,0.44274809160305345,0.46147982640038254,0.44155851747313646,0.43981357441394464,0.3722581048106598,0.5005655474969555,0.6793893129770993,0.7280876777195345
