modelo,SP1,SP2,SP3
CatBoost,0.486690049930103,0.475632942844591,0.5466277697952151
LightGBM,0.4606904291405304,0.3964574856930443,0.5006882398168249
OLO,0.20934797642702618,0.4592688671579841,0.519825568540214
TabNet,0.20371932878593157,0.46295554783443826,0.5331547008782149
XGBoost,0.5004644328555583,0.4503811137186837,0.538282347326144
