modelo,pesos_clase,sin_balanceo,smotenc
CatBoost,0.5417967413232854,0.5045055129806215,0.5385619716707954
LightGBM,0.5367173191804544,0.5076031804977548,0.5051458972017911
OLO,0.5197902256998865,0.44754391924349446,0.5161749551950339
TabNet,0.5126822706496033,0.5126822706496033,0.533451482947757
XGBoost,0.537056913860713,0.5010191493879517,0.5149924351500335
