modelo,pesos_clase,sin_balanceo,smotenc
CatBoost,0.5399038201761495,0.5328513290608691,0.5352310231023103
LightGBM,0.5131153633896091,0.5312398343128537,0.5089228462350422
OLO,0.5188535798172329,0.46459831310310906,0.5045789054698714
TabNet,0.5005655474969555,0.5005655474969555,0.41934603975587303
XGBoost,0.5250235003922622,0.5125295429021606,0.5096571343015421
