modelo,pesos_clase,sin_balanceo,smotenc
CatBoost,0.5212929800851788,0.5385240320112188,0.5347687119761294
LightGBM,0.5235866394382871,0.506982271961969,0.5230838897368194
OLO,0.5188535798172329,0.46459831310310906,0.5045789054698714
TabNet,0.5005655474969555,0.5005655474969555,0.41934603975587303
XGBoost,0.5250235003922622,0.5125295429021606,0.5096571343015421
