modelo,SP1,SP2,SP3
CatBoost,0.4856289625191501,0.475632942844591,0.5445636133632379
LightGBM,0.46050361428797404,0.40126572998833065,0.48644158865693155
OLO,0.20934797642702618,0.4592688671579841,0.519825568540214
TabNet,0.20371932878593157,0.46295554783443826,0.5331547008782149
XGBoost,0.5004644328555583,0.4503811137186837,0.538282347326144
