modelo,SP1,SP2,SP3
CatBoost,0.4335215106093051,0.3204219929154474,0.5993739557115967
LightGBM,0.4045333266837893,0.37439999999999996,0.5434280725579591
OLO,0.16998900192466304,0.3827268721445303,0.5564903846153846
TabNet,0.24287738076499288,0.3589859640020533,0.5021523716699154
XGBoost,0.4821505908556579,0.36326184555681373,0.5822400356268091
