,OLO,XGBoost,CatBoost,LightGBM,TabNet
OLO,1.0,0.9379758399149798,0.9990238324105165,1.0,0.8402233648049634
XGBoost,0.9379758399149798,1.0,0.98575686121016,0.9379758399149798,0.3691688152318042
CatBoost,0.9990238324105165,0.98575686121016,1.0,0.9990238324105165,0.696814061895547
LightGBM,1.0,0.9379758399149798,0.9990238324105165,1.0,0.8402233648049634
TabNet,0.8402233648049634,0.3691688152318042,0.696814061895547,0.8402233648049634,1.0
