{
  "H_002_011": 2.2900763358778624,
  "H_002_031": 0.45801526717557256,
  "H_002_041": 2.1374045801526718,
  "H_002_111": 0.45801526717557256,
  "H_002_131": 50.68702290076336,
  "H_002_161": 14.045801526717558,
  "H_002_241": 0.9160305343511451,
  "D_001_001": 0.15267175572519084,
  "D_001_021": 0.6106870229007634,
  "D_001_041": 5.343511450381679,
  "D_001_091": 2.595419847328244,
  "C_006_003_011": 2.4427480916030535,
  "A_001_001": 4.885496183206107,
  "A_007_001": 0.6106870229007634,
  "B_001_101": 1.3740458015267176,
  "B_006_061": 4.580152671755725,
  "G_002_011": 50.53435114503817,
  "G_005_001": 1.984732824427481,
  "I_001_001": 0.3053435114503817
}