{
  "H_002_011": 2.129175692623418,
  "H_002_031": 0.7325276479306806,
  "H_002_041": 2.04936723292669,
  "H_002_111": 0.504503477368601,
  "H_002_131": 50.68692281381827,
  "H_002_161": 12.11948466537453,
  "H_002_241": 1.2455820316953596,
  "D_001_001": 0.3334853494470414,
  "D_001_021": 0.7781324820430966,
  "D_001_041": 4.922471782008893,
  "D_001_091": 3.30920077528218,
  "C_006_003_011": 2.2146847565841976,
  "A_001_001": 5.826017557861133,
  "A_007_001": 0.513054383764679,
  "B_001_101": 2.8959069661384107,
  "B_006_061": 4.360962261999772,
  "G_002_011": 50.658419792498,
  "G_005_001": 2.268840497092692,
  "I_001_001": 0.6926234180823168
}