{
  "H_002_011": 2.963192401011822,
  "H_002_031": 0.7278922100046461,
  "H_002_041": 2.668938103350369,
  "H_002_101": 1.2183160394404007,
  "H_002_111": 1.1770171906458107,
  "H_002_131": 2.3798461617882403,
  "H_002_161": 11.956016726033763,
  "H_002_241": 1.3576996541221413,
  "H_001_011": 3.1800113571834183,
  "D_001_001": 1.1202312735532496,
  "D_001_021": 100.0,
  "D_001_041": 3.7788446647049714,
  "D_001_091": 3.1903360693820657,
  "C_003_003_011": 41.995766867998555,
  "C_006_003_011": 3.2213102059780083,
  "A_001_001": 6.318723865572247,
  "A_007_071": 18.589644313664756,
  "A_007_001": 1.2183160394404007,
  "B_001_101": 3.7272211037117344,
  "B_006_061": 4.961024211450106,
  "G_002_011": 1.68809044447886,
  "G_005_001": 3.045790098601002,
  "I_001_001": 0.8879252490836818,
  "S_701": 12.152186257808063
}