{
  "H_002_011": 4.166666666666666,
  "H_002_031": 0.8333333333333334,
  "H_002_041": 3.6111111111111107,
  "H_002_101": 0.5555555555555556,
  "H_002_111": 0.8333333333333334,
  "H_002_131": 2.5,
  "H_002_161": 12.222222222222221,
  "H_002_241": 1.6666666666666667,
  "H_001_011": 4.444444444444445,
  "D_001_001": 1.1111111111111112,
  "D_001_021": 100.0,
  "D_001_041": 4.166666666666666,
  "D_001_091": 2.5,
  "C_003_003_011": 44.72222222222222,
  "C_006_003_011": 2.7777777777777777,
  "A_001_001": 4.722222222222222,
  "A_007_071": 16.11111111111111,
  "A_007_001": 2.2222222222222223,
  "B_001_101": 4.166666666666666,
  "B_006_061": 5.833333333333333,
  "G_002_011": 1.3888888888888888,
  "G_005_001": 2.2222222222222223,
  "I_001_001": 0.8333333333333334,
  "S_701": 10.833333333333334
}