{
  "H_002_011": 3.2883179622310057,
  "H_002_031": 1.745718050065876,
  "H_002_041": 2.9973649538866933,
  "H_002_101": 1.570048309178744,
  "H_002_111": 0.9112867808519982,
  "H_002_131": 100.0,
  "H_002_161": 12.23100570926658,
  "H_002_241": 2.261747913921827,
  "H_001_011": 2.371541501976284,
  "D_001_001": 0.5489679402722881,
  "D_001_021": 1.1693017127799736,
  "D_001_041": 6.675450153711024,
  "D_001_091": 4.336846728151076,
  "C_003_003_011": 30.906895037329818,
  "C_006_003_011": 3.3322353974527887,
  "A_001_001": 7.734958278436539,
  "A_007_071": 16.1945542380325,
  "A_007_001": 100.0,
  "B_001_101": 3.2663592446201144,
  "B_006_061": 5.484189723320158,
  "G_002_011": 100.0,
  "G_005_001": 100.0,
  "I_001_001": 2.0531400966183577,
  "S_101": 100.0,
  "S_701": 19.34014053579271
}