{
  "H_002_011": 3.6827195467422094,
  "H_002_031": 1.9830028328611897,
  "H_002_041": 3.39943342776204,
  "H_002_101": 1.9830028328611897,
  "H_002_111": 0.56657223796034,
  "H_002_131": 100.0,
  "H_002_161": 14.164305949008499,
  "H_002_241": 2.5495750708215295,
  "H_001_011": 1.41643059490085,
  "D_001_001": 0.56657223796034,
  "D_001_021": 1.13314447592068,
  "D_001_041": 9.06515580736544,
  "D_001_091": 5.382436260623229,
  "C_003_003_011": 28.328611898016998,
  "C_006_003_011": 1.41643059490085,
  "A_001_001": 6.79886685552408,
  "A_007_071": 18.13031161473088,
  "A_007_001": 100.0,
  "B_001_101": 4.2492917847025495,
  "B_006_061": 6.515580736543909,
  "G_002_011": 100.0,
  "G_005_001": 100.0,
  "I_001_001": 2.5495750708215295,
  "S_101": 100.0,
  "S_701": 16.147308781869686
}