{
  "H_002_011": 2.1341463414634148,
  "H_002_031": 0.6097560975609756,
  "H_002_041": 1.524390243902439,
  "H_002_101": 0.9146341463414633,
  "H_002_111": 0.6097560975609756,
  "H_002_131": 1.524390243902439,
  "H_002_161": 14.329268292682926,
  "H_002_241": 0.6097560975609756,
  "H_001_011": 1.8292682926829267,
  "D_001_021": 0.9146341463414633,
  "D_001_041": 5.487804878048781,
  "D_001_091": 3.353658536585366,
  "C_003_003_011": 37.5,
  "C_006_003_011": 1.524390243902439,
  "A_001_001": 4.2682926829268295,
  "A_007_071": 10.975609756097562,
  "A_007_001": 0.9146341463414633,
  "B_001_101": 1.8292682926829267,
  "B_006_061": 3.6585365853658534,
  "G_002_011": 1.2195121951219512,
  "G_005_001": 1.8292682926829267,
  "S_701": 23.78048780487805
}