{
  "H_002_011": 1.9944156362185879,
  "H_002_031": 0.7179896290386917,
  "H_002_041": 2.091287252834919,
  "H_002_101": 1.2137443728987407,
  "H_002_111": 0.47296142230326516,
  "H_002_131": 1.4131859365205994,
  "H_002_161": 12.154538720154996,
  "H_002_241": 1.168157729785173,
  "H_001_011": 1.6810074648128097,
  "D_001_001": 0.35899481451934584,
  "D_001_021": 0.6894979770927118,
  "D_001_041": 4.769502535757023,
  "D_001_091": 3.014416775884666,
  "C_003_003_011": 30.799475753604195,
  "C_006_003_011": 2.1539688871160747,
  "A_001_001": 5.515983816741694,
  "A_007_071": 11.74995726252208,
  "A_007_001": 0.6382130035899481,
  "B_001_101": 2.8833551769331587,
  "B_006_061": 3.812183030372101,
  "G_002_011": 1.3562026326286398,
  "G_005_001": 2.307823807624366,
  "I_001_001": 0.4330731095788934,
  "S_701": 23.78483104450396
}