{"iterations": 300, "depth": 8, "learning_rate": 0.014482836879649368, "l2_leaf_reg": 3.5605271205771407, "bagging_temperature": 0.7375109123206309, "border_count": 118, "random_strength": 2.2177134068387963}