{"iterations": 300, "depth": 5, "learning_rate": 0.013687017499645945, "l2_leaf_reg": 1.5636958263058331, "bagging_temperature": 0.510467290107239, "border_count": 40, "random_strength": 9.115863711316806}