{"iterations": 300, "depth": 8, "learning_rate": 0.014672639048534691, "l2_leaf_reg": 4.4465086576161434, "bagging_temperature": 0.4933374963758055, "border_count": 100, "random_strength": 6.0559568194387445}