{"iterations": 600, "depth": 5, "learning_rate": 0.094012485434417, "l2_leaf_reg": 4.473346034983556, "bagging_temperature": 0.6353884685138835, "border_count": 105, "random_strength": 2.0158620822799693}