{"iterations": 300, "depth": 6, "learning_rate": 0.03903557293816546, "l2_leaf_reg": 1.3283885455432043, "bagging_temperature": 0.5748046809900532, "border_count": 115, "random_strength": 1.216418996872906}