{"iterations": 900, "depth": 7, "learning_rate": 0.010625116081692107, "l2_leaf_reg": 6.413431637472845, "bagging_temperature": 0.012868418827304412, "border_count": 72, "random_strength": 7.177098559000658}