{"iterations": 800, "depth": 4, "learning_rate": 0.12963265100470225, "l2_leaf_reg": 7.596848215388352, "bagging_temperature": 0.043282037821068625, "border_count": 89, "random_strength": 9.327063201348256}