{"iterations": 500, "depth": 4, "learning_rate": 0.03805909003113361, "l2_leaf_reg": 3.886216889434535, "bagging_temperature": 0.8671693962682521, "border_count": 46, "random_strength": 8.967265621655605}