{"iterations": 600, "depth": 4, "learning_rate": 0.06282812355601822, "l2_leaf_reg": 2.9606822545270357, "bagging_temperature": 0.6279485054826974, "border_count": 32, "random_strength": 7.65622037545616}