{"iterations": 800, "depth": 5, "learning_rate": 0.07115325995528968, "l2_leaf_reg": 5.735853294639489, "bagging_temperature": 0.8766012324747309, "border_count": 109, "random_strength": 9.54759549690566}