{"iterations": 1000, "depth": 8, "learning_rate": 0.07303965317930954, "l2_leaf_reg": 3.0021254331672482, "bagging_temperature": 0.2796128437854579, "border_count": 122, "random_strength": 1.971756214884166}