{"iterations": 500, "depth": 8, "learning_rate": 0.15938568715303514, "l2_leaf_reg": 5.4340609852669655, "bagging_temperature": 0.1540163757456688, "border_count": 59, "random_strength": 6.786518485719459}