{"iterations": 900, "depth": 7, "learning_rate": 0.19084428978058696, "l2_leaf_reg": 6.760924992489595, "bagging_temperature": 0.02338753596703652, "border_count": 52, "random_strength": 7.895304269284076}