{"iterations": 800, "depth": 6, "learning_rate": 0.014465048426531969, "l2_leaf_reg": 4.128700874469244, "bagging_temperature": 0.5328850205746949, "border_count": 69, "random_strength": 7.119778022134115}