{"iterations": 600, "depth": 7, "learning_rate": 0.29353913079462296, "l2_leaf_reg": 7.961186303122526, "bagging_temperature": 0.6257758399500468, "border_count": 70, "random_strength": 2.103989940319246}