{"iterations": 800, "depth": 6, "learning_rate": 0.0781245953913001, "l2_leaf_reg": 3.519918777432742, "bagging_temperature": 0.6191678774040926, "border_count": 107, "random_strength": 2.1749466969083864}