{"iterations": 700, "depth": 8, "learning_rate": 0.09477156214374156, "l2_leaf_reg": 3.599751107869113, "bagging_temperature": 0.11455758987145187, "border_count": 88, "random_strength": 2.46480450390341}