{"iterations": 300, "depth": 4, "learning_rate": 0.01003329689999016, "l2_leaf_reg": 9.27277873447868, "bagging_temperature": 0.055942859358906694, "border_count": 68, "random_strength": 6.448170268437508}