{"iterations": 600, "depth": 5, "learning_rate": 0.04407031015140958, "l2_leaf_reg": 3.964583581829962, "bagging_temperature": 0.7309396962105926, "border_count": 34, "random_strength": 7.384884887380953}