{"iterations": 900, "depth": 8, "learning_rate": 0.1487631463081731, "l2_leaf_reg": 1.6282166890427134, "bagging_temperature": 0.7618609071696827, "border_count": 118, "random_strength": 7.682470802422101}