{"n_estimators": 500, "num_leaves": 84, "max_depth": 7, "learning_rate": 0.05284799330192264, "subsample": 0.8031319497110113, "colsample_bytree": 0.6806901937897928, "reg_alpha": 0.0005113094027639928, "reg_lambda": 7.951619064770165e-08, "min_child_samples": 92}