{"n_estimators": 700, "num_leaves": 28, "max_depth": 7, "learning_rate": 0.08480284744011873, "subsample": 0.8238760275342049, "colsample_bytree": 0.7093262288687132, "reg_alpha": 4.3818086421862824e-08, "reg_lambda": 6.680492294916855e-08, "min_child_samples": 79}