{"n_estimators": 200, "num_leaves": 122, "max_depth": 4, "learning_rate": 0.14728562654282598, "subsample": 0.818470335995293, "colsample_bytree": 0.7253578981243995, "reg_alpha": 3.7545122080812737e-06, "reg_lambda": 4.546102157914268e-06, "min_child_samples": 77}