{"n_estimators": 800, "num_leaves": 41, "max_depth": 5, "learning_rate": 0.11917701106015516, "subsample": 0.736652014258145, "colsample_bytree": 0.7817081598782502, "reg_alpha": 2.006814159283721e-05, "reg_lambda": 2.0380898870572053, "min_child_samples": 48}