{"n_estimators": 400, "num_leaves": 88, "max_depth": 7, "learning_rate": 0.05500385519547793, "subsample": 0.7527356264019408, "colsample_bytree": 0.7828370994625903, "reg_alpha": 4.816801946735398e-08, "reg_lambda": 0.434225176260304, "min_child_samples": 17}