{"n_estimators": 1000, "num_leaves": 46, "max_depth": 7, "learning_rate": 0.023532334953276637, "subsample": 0.7926677744361105, "colsample_bytree": 0.8707075467647747, "reg_alpha": 1.4070032383686172e-06, "reg_lambda": 6.642111643082945e-06, "min_child_samples": 9}