{"n_estimators": 400, "num_leaves": 85, "max_depth": 8, "learning_rate": 0.16503685315704306, "subsample": 0.6825869887785095, "colsample_bytree": 0.6716363935867485, "reg_alpha": 4.452897296633813e-07, "reg_lambda": 4.36647122518704e-05, "min_child_samples": 57}