{"n_estimators": 500, "num_leaves": 134, "max_depth": 4, "learning_rate": 0.07268156511636346, "subsample": 0.9129155274765556, "colsample_bytree": 0.719920084660322, "reg_alpha": 0.18709779286132217, "reg_lambda": 2.485660101133469e-08, "min_child_samples": 86}