{"n_estimators": 700, "num_leaves": 24, "max_depth": 8, "learning_rate": 0.049134791936018316, "subsample": 0.7382529103184725, "colsample_bytree": 0.9987274872499504, "reg_alpha": 1.2656017350332018, "reg_lambda": 2.557856203181651e-06, "min_child_samples": 25}