{"n_estimators": 800, "num_leaves": 22, "max_depth": 8, "learning_rate": 0.16967533607196555, "subsample": 0.6849356442713105, "colsample_bytree": 0.6727299868828402, "reg_alpha": 4.4734294104626844e-07, "reg_lambda": 5.472429642032198e-06, "min_child_samples": 55}