{"n_d": 48, "n_a": 24, "n_steps": 5, "gamma": 1.5467102793432796, "lambda_sparse": 3.5856126103453987e-06, "momentum": 0.38813800482817784, "mask_type": "entmax", "lr": 0.006161049539380964}