{"n_d": 24, "n_a": 64, "n_steps": 6, "gamma": 1.5986584841970366, "lambda_sparse": 2.9380279387035354e-06, "momentum": 0.07083786293111903, "mask_type": "entmax", "lr": 0.0015930522616241021}