{"n_d": 8, "n_a": 56, "n_steps": 6, "gamma": 1.7290071680409873, "lambda_sparse": 0.00020597335357437193, "momentum": 0.03887741417629524, "mask_type": "sparsemax", "lr": 0.005323617594751502}