{"n_d": 32, "n_a": 32, "n_steps": 3, "gamma": 1.0250045182239043, "lambda_sparse": 1.0122229829689311e-06, "momentum": 0.3327960424738131, "mask_type": "sparsemax", "lr": 0.00045059678754333805}