{"n_d": 32, "n_a": 48, "n_steps": 6, "gamma": 1.6264789135516162, "lambda_sparse": 0.0002082294508788163, "momentum": 0.3274575451753543, "mask_type": "entmax", "lr": 0.0030831440181592925}