{"n_d": 64, "n_a": 48, "n_steps": 4, "gamma": 1.3689954519718297, "lambda_sparse": 4.3466094661538245e-05, "momentum": 0.3069300999110765, "mask_type": "entmax", "lr": 0.009818247569037463}