{"n_d": 32, "n_a": 16, "n_steps": 4, "gamma": 1.019850255479209, "lambda_sparse": 1.0625361371523748e-05, "momentum": 0.2774343927311199, "mask_type": "entmax", "lr": 0.0005935228550354689}