{"n_d": 48, "n_a": 48, "n_steps": 5, "gamma": 1.3349113717856687, "lambda_sparse": 1.0950172157239277e-06, "momentum": 0.2058346877953981, "mask_type": "entmax", "lr": 0.009818247569037463}