{"n_d": 48, "n_a": 48, "n_steps": 5, "gamma": 1.6102676350395575, "lambda_sparse": 7.916238355378374e-05, "momentum": 0.33012664436080325, "mask_type": "entmax", "lr": 0.00801190459900285}