{"n_d": 32, "n_a": 40, "n_steps": 6, "gamma": 1.0041761551260806, "lambda_sparse": 8.165000388838765e-05, "momentum": 0.3491814099039279, "mask_type": "entmax", "lr": 0.002737106538042206}