{"n_d": 24, "n_a": 64, "n_steps": 5, "gamma": 1.846527161694149, "lambda_sparse": 0.0009699758497556573, "momentum": 0.10454937990945368, "mask_type": "sparsemax", "lr": 0.0014436942069844026}