{"n_d": 56, "n_a": 40, "n_steps": 4, "gamma": 1.342741635763206, "lambda_sparse": 4.3466094661538245e-05, "momentum": 0.3485565819283592, "mask_type": "entmax", "lr": 0.0026046601730641927}