{"n_estimators": 400, "max_depth": 6, "learning_rate": 0.016149614799999188, "subsample": 0.9208787923016158, "colsample_bytree": 0.6298202574719083, "min_child_weight": 10, "reg_alpha": 0.08916674715636537, "reg_lambda": 6.143857495033091e-07}