{"n_estimators": 1000, "max_depth": 4, "learning_rate": 0.03480661458654822, "subsample": 0.6768856196246542, "colsample_bytree": 0.7286156507255409, "min_child_weight": 6, "reg_alpha": 5.089128721746682, "reg_lambda": 2.089329974626398}