{"n_estimators": 400, "max_depth": 8, "learning_rate": 0.012651959595773216, "subsample": 0.7183825309504531, "colsample_bytree": 0.623717279081581, "min_child_weight": 9, "reg_alpha": 3.33959764006756e-06, "reg_lambda": 0.3711496694789657}