{"n_estimators": 500, "max_depth": 8, "learning_rate": 0.01328386644198318, "subsample": 0.8419516941547784, "colsample_bytree": 0.6337538303045906, "min_child_weight": 3, "reg_alpha": 0.45979150124609725, "reg_lambda": 2.6716875413515744e-06}