{"n_estimators": 200, "max_depth": 4, "learning_rate": 0.011662890273931383, "subsample": 0.7301321323053057, "colsample_bytree": 0.7554709158757928, "min_child_weight": 3, "reg_alpha": 0.28749982347407854, "reg_lambda": 1.6247252885719427e-05}