{"n_estimators": 1000, "max_depth": 3, "learning_rate": 0.03504750508385013, "subsample": 0.6071847502459279, "colsample_bytree": 0.6084463886474967, "min_child_weight": 6, "reg_alpha": 4.3444691085504115, "reg_lambda": 0.01620963590242718}